keys,cs,en
APP_TITLE,Neuro drills,Neuro drills
APP_SUBTITLE,Krátká cvičení pro pozornost a vnímání,Short drills for attention and perception
MENU_CHOOSE_DRILL,Vyber cvičení,Choose a drill
MENU_LANGUAGE,English,Čeština
MENU_QUIT,Konec,Quit
COMMON_BACK,Zpět,Back
COMMON_MENU,Menu,Menu
SCHULTE_TITLE,Schulteho tabulka,Schulte table
SCHULTE_DESCRIPTION,"Najdi čísla popořadě co nejrychleji. Dívej se do středu a hledej periferním viděním.","Find the numbers in order as fast as you can. Keep your eyes on the centre and use peripheral vision."
SCHULTE_GRID_SIZE,Velikost mřížky,Grid size
SCHULTE_OPT_COUNTDOWN,Odpočet před startem,Countdown before start
SCHULTE_OPT_FIXATION,Fixační bod uprostřed,Fixation dot in the centre
SCHULTE_OPT_SHOW_NEXT,Zobrazovat hledané číslo,Show the number to find
SCHULTE_OPT_DIM_FOUND,Ztlumit nalezená čísla,Dim found numbers
SCHULTE_OPT_SHOW_ERRORS,Zvýraznit chyby a počítat je,Highlight errors and count them
SCHULTE_OPT_HIGHLIGHT_CORRECT,Zeleně potvrdit správné číslo,Green flash on a correct number
SCHULTE_OPT_SHOW_TIMER,Zobrazit běžící čas,Show running time
SCHULTE_START,Start,Start
SCHULTE_ERROR_COUNT,Chyby: %d,Errors: %d
SCHULTE_NEXT_TARGET,Hledej: %d,Find: %d
RESULT_TITLE,Výsledek,Result
RESULT_TIME,Celkový čas,Total time
RESULT_ERRORS,Chybné kliky,Wrong clicks
RESULT_AVERAGE_PER_NUMBER,Průměr na číslo,Average per number
RESULT_SLOWEST_NUMBER,Nejpomalejší číslo,Slowest number
RESULT_FIRST_CLICK,Čas do prvního čísla,Time to first number
RESULT_AGAIN,Znovu,Again
RESULT_SETTINGS,Nastavení,Settings
COMMON_START,Start,Start
TRIAL_COUNT,Počet pokusů,Trials
OPT_COUNTDOWN,Odpočet před startem,Countdown before start
REACTION_TITLE,Reakční čas,Reaction time
REACTION_DESCRIPTION,"Počkej, až plocha zezelená, a klikni nebo stiskni mezerník co nejrychleji. Klik před signálem se počítá jako předčasný.","Wait for the pad to turn green, then click or press space as fast as you can. A click before the signal counts as premature."
REACTION_WAIT,Čekej…,Wait…
REACTION_GO,TEĎ!,NOW!
REACTION_EARLY,Předčasně!,Too early!
REACTION_MS,%d ms,%d ms
CHOICE_TITLE,Výběrová reakce,Choice reaction
CHOICE_DESCRIPTION,"Objeví se šipka doleva nebo doprava. Stiskni odpovídající stranu: šipky na klávesnici, nebo klik na polovinu obrazovky.","An arrow points left or right. Press the matching side: arrow keys, or click that half of the screen."
GONOGO_TITLE,Go/No-Go,Go/No-Go
GONOGO_DESCRIPTION,"Zelený kruh: klikni nebo stiskni mezerník co nejrychleji. Červený kruh: nereaguj.","Green disc: click or press space as fast as you can. Red disc: do nothing."
STROOP_TITLE,Stroopův test,Stroop test
STROOP_DESCRIPTION,"Odpověz barvou písma, ne významem slova. Tlačítka dole nebo klávesy 1 až 4.","Answer with the ink colour, not the meaning of the word. Buttons below or keys 1 to 4."
FLANKER_TITLE,Flanker,Flanker
FLANKER_DESCRIPTION,"Reaguj jen na prostřední šipku, okolní ignoruj. Šipky na klávesnici, nebo klik na polovinu obrazovky.","Respond to the middle arrow only and ignore the others. Arrow keys, or click that half of the screen."
COLOR_RED,ČERVENÁ,RED
COLOR_GREEN,ZELENÁ,GREEN
COLOR_BLUE,MODRÁ,BLUE
COLOR_YELLOW,ŽLUTÁ,YELLOW
RESULT_MEDIAN_RT,Medián reakce,Median reaction
RESULT_MEAN_RT,Průměrná reakce,Mean reaction
RESULT_BEST_RT,Nejrychlejší reakce,Fastest reaction
RESULT_PREMATURE,Předčasné starty,Premature starts
RESULT_ACCURACY,Úspěšnost,Accuracy
RESULT_WRONG,Chybné odpovědi,Wrong answers
RESULT_HITS_RT,Reakce na zelenou,Reaction to green
RESULT_MISSES,Zmeškané zelené,Missed green
RESULT_FALSE_ALARMS,Reakce na červenou,Reactions to red
RESULT_RT_CONGRUENT,Reakce při shodě,Reaction when congruent
RESULT_RT_INCONGRUENT,Reakce při neshodě,Reaction when incongruent
RESULT_INTERFERENCE,Interference (rozdíl),Interference (difference)
NBACK_TITLE,N-back,N-back
NBACK_DESCRIPTION,"Čtverec se rozsvěcí v mřížce 3×3. Klikni nebo stiskni mezerník, když je na stejném místě jako před N kroky.","A square lights up in a 3×3 grid. Click or press space when it is in the same place as N steps ago."
NBACK_LEVEL,Úroveň N,N level
RESULT_NBACK_LEVEL,Úroveň,Level
RESULT_HITS,Zásahy / cíle,Hits / targets
CORSI_TITLE,Corsi bloky,Corsi blocks
CORSI_DESCRIPTION,"Bloky se postupně rozsvítí. Pak je klikni ve stejném pořadí. Řada se prodlužuje, dvě chyby za sebou končí.","Blocks light up one after another. Then click them in the same order. The sequence grows; two misses in a row end the run."
DIGIT_TITLE,Rozsah číslic,Digit span
DIGIT_DESCRIPTION,"Číslice se ukážou jedna po druhé. Pak je napiš zpaměti, popředu nebo pozpátku.","Digits appear one at a time. Then type them from memory, forward or backward."
DIGIT_OPT_BACKWARD,Pozpátku,Backward
DIGIT_PROMPT_FORWARD,Napiš číslice,Type the digits
DIGIT_PROMPT_BACKWARD,Napiš číslice pozpátku,Type the digits backward
DIGIT_FORWARD,popředu,forward
DIGIT_BACKWARD,pozpátku,backward
RESULT_DIRECTION,Směr,Direction
MATRIX_TITLE,Paměťová matice,Memory matrix
MATRIX_DESCRIPTION,"Několik políček se na chvíli rozsvítí. Pak je označ. Po správném kole přibude políčko, po chybě ubude.","A few cells light up briefly. Then mark them. A correct round adds a cell, a wrong one removes it."
MATRIX_SIZE,Velikost mřížky,Grid size
MATRIX_LEVEL,Políček:,Cells:
RESULT_MAX_LEVEL,Nejvíc políček,Most cells
SIMON_TITLE,Simon,Simon
SIMON_DESCRIPTION,"Sleduj barevnou sekvenci a zopakuj ji. Každé kolo přibude jeden krok, první chyba končí.","Watch the colour sequence and repeat it. Each round adds one step; the first mistake ends the run."
SPAN_LENGTH,Délka: %d,Length: %d
RESULT_SPAN,Rozsah (span),Span
RESULT_ROUNDS,Správná kola,Correct rounds
RESULT_SEQUENCE_LENGTH,Nejdelší sekvence,Longest sequence
